ara	adec	bra	bdec	constname
124.63029166666666	-76.91997222222223	158.86758333333336	-78.60780555555554	Cha
158.86758333333336	-78.60780555555554	184.58725	-79.31227777777778	Cha
344.41179166666666	-29.621833333333335	340.163875	-27.04361111111111	PsA
340.163875	-27.04361111111111	330.20925	-28.45375	PsA
330.20925	-28.45375	326.9340416666667	-30.898305555555556	PsA
326.9340416666667	-30.898305555555556	332.53533333333337	-32.54844444444444	PsA
332.53533333333337	-32.54844444444444	337.8762083333333	-32.34602777777778	PsA
337.8762083333333	-32.34602777777778	343.9870416666667	-32.53969444444444	PsA
317.58529166666665	10.131944444444445	318.61995833333333	10.007722222222222	Equ
318.61995833333333	10.007722222222222	320.72325	6.811111111111111	Equ
320.72325	6.811111111111111	318.9558333333333	5.248083333333334	Equ
318.9558333333333	5.248083333333334	317.58529166666665	10.131944444444445	Equ
325.368625	-77.38947222222222	341.5155	-81.3816111111111	Oct
341.5155	-81.3816111111111	216.73225000000002	-83.66786111111112	Oct
216.73225000000002	-83.66786111111112	325.368625	-77.38947222222222	Oct
322.88966666666664	-5.571166666666667	331.44595833333335	-0.3198333333333333	Aqr
331.44595833333335	-0.3198333333333333	335.41375000000005	-1.387361111111111	Aqr
335.41375000000005	-1.387361111111111	337.2075	-0.020055555555555556	Aqr
337.2075	-0.020055555555555556	338.83887500000003	-0.11736111111111111	Aqr
338.83887500000003	-0.11736111111111111	343.15358333333336	-7.579666666666666	Aqr
343.15358333333336	-7.579666666666666	348.97200000000004	-9.087694444444445	Aqr
348.97200000000004	-9.087694444444445	350.7429166666667	-20.100333333333335	Aqr
331.44595833333335	-0.3198333333333333	334.20820833333335	-7.78325	Aqr
334.20820833333335	-7.78325	331.60920833333336	-13.869527777777778	Aqr
334.20820833333335	-7.78325	337.66175	-10.677888888888889	Aqr
337.66175	-10.677888888888889	342.3979583333333	-13.592527777777779	Aqr
342.3979583333333	-13.592527777777779	343.66266666666667	-15.82075	Aqr
343.66266666666667	-15.82075	347.3615	-21.172472222222222	Aqr
311.918875	-9.495694444444444	322.88966666666664	-5.571166666666667	Aqr
15.70454166666667	31.804333333333336	18.437250000000002	24.583777777777776	Psc
15.70454166666667	31.804333333333336	19.866583333333335	27.264083333333332	Psc
19.866583333333335	27.264083333333332	18.437250000000002	24.583777777777776	Psc
18.437250000000002	24.583777777777776	22.870791666666666	15.345833333333333	Psc
22.870791666666666	15.345833333333333	26.348291666666668	9.15763888888889	Psc
26.348291666666668	9.15763888888889	30.511666666666667	2.76375	Psc
30.511666666666667	2.76375	28.388916666666667	3.187472222222222	Psc
28.388916666666667	3.187472222222222	25.357958333333336	5.487611111111111	Psc
25.357958333333336	5.487611111111111	22.545583333333333	6.143944444444445	Psc
22.545583333333333	6.143944444444445	15.736083333333337	7.890083333333333	Psc
15.736083333333337	7.890083333333333	12.07225	7.299916666666666	Psc
12.07225	7.299916666666666	5.149416666666666	8.19025	Psc
5.149416666666666	8.19025	359.82750000000004	6.863583333333333	Psc
359.82750000000004	6.863583333333333	354.98675000000003	5.627361111111112	Psc
354.98675000000003	5.627361111111112	355.512	1.7804166666666665	Psc
355.512	1.7804166666666665	351.7329583333334	1.2558333333333334	Psc
351.7329583333334	1.2558333333333334	349.2895416666667	3.28225	Psc
349.2895416666667	3.28225	351.992375	6.3791111111111105	Psc
351.992375	6.3791111111111105	354.98675000000003	5.627361111111112	Psc
289.27545833333335	53.36816666666667	292.4264166666667	51.72947222222223	Cyg
292.4264166666667	51.72947222222223	296.2435	45.130694444444444	Cyg
296.2435	45.130694444444444	305.5570833333333	40.25669444444444	Cyg
305.5570833333333	40.25669444444444	310.35795833333333	45.28033333333333	Cyg
305.5570833333333	40.25669444444444	311.55179166666665	33.96944444444445	Cyg
311.55179166666665	33.96944444444445	318.23408333333333	30.227083333333333	Cyg
318.23408333333333	30.227083333333333	326.035	28.743222222222222	Cyg
305.5570833333333	40.25669444444444	299.0766666666667	35.0835	Cyg
299.0766666666667	35.0835	292.680375	27.959694444444445	Cyg
93.71391666666666	-6.2747222222222225	97.20445833333333	-7.033055555555555	Mon
97.20445833333333	-7.033055555555555	107.96608333333333	-0.49277777777777776	Mon
107.96608333333333	-0.49277777777777776	95.94208333333334	4.592833333333333	Mon
107.96608333333333	-0.49277777777777776	122.14858333333332	-2.9837777777777776	Mon
122.14858333333332	-2.9837777777777776	115.31200000000001	-9.551083333333334	Mon
298.82820833333335	6.407944444444444	297.6945	8.86738888888889	Aql
297.6945	8.86738888888889	296.56487500000003	10.613277777777778	Aql
297.6945	8.86738888888889	291.37395833333335	3.1145833333333335	Aql
291.37395833333335	3.1145833333333335	298.1181666666667	1.0056666666666667	Aql
302.8260833333333	-0.8214722222222222	298.1181666666667	1.0056666666666667	Aql
291.37395833333335	3.1145833333333335	286.35254166666664	13.863722222222222	Aql
286.35254166666664	13.863722222222222	284.9057916666667	15.068472222222223	Aql
291.37395833333335	3.1145833333333335	286.56229166666674	-4.882333333333333	Aql
263.7333333333333	12.560583333333334	265.86824999999993	4.566916666666667	Oph
257.5944166666667	-15.725138888888889	265.86824999999993	4.566916666666667	Oph
263.7333333333333	12.560583333333334	254.41779166666666	9.375055555555557	Oph
254.41779166666666	9.375055555555557	244.58016666666666	-4.692611111111112	Oph
244.58016666666666	-4.692611111111112	249.28970833333335	-10.56713888888889	Oph
249.28970833333335	-10.56713888888889	257.5944166666667	-15.725138888888889	Oph
257.5944166666667	-15.725138888888889	262.8539583333333	-23.96258333333333	Oph
243.3697083333333	-54.63041666666667	244.96070833333332	-50.155388888888886	Nor
244.96070833333332	-50.155388888888886	246.79604166666667	-47.55472222222222	Nor
246.79604166666667	-47.55472222222222	240.80358333333334	-49.22972222222222	Nor
240.80358333333334	-49.22972222222222	244.96070833333332	-50.155388888888886	Nor
240.80358333333334	-49.22972222222222	243.3697083333333	-54.63041666666667	Nor
33.98458333333333	33.35897222222222	32.3855	34.98738888888889	Tri
32.3855	34.98738888888889	28.270416666666666	29.57938888888889	Tri
28.270416666666666	29.57938888888889	33.98458333333333	33.35897222222222	Tri
130.80620833333333	3.3986666666666667	129.68937499999998	3.3414722222222224	Hya
129.68937499999998	3.3414722222222224	129.41420833333333	5.703805555555555	Hya
129.41420833333333	5.703805555555555	131.694375	6.418916666666667	Hya
131.694375	6.418916666666667	132.10825	5.837888888888888	Hya
132.10825	5.837888888888888	130.80620833333333	3.3986666666666667	Hya
132.10825	5.837888888888888	133.84866666666667	5.945527777777778	Hya
133.84866666666667	5.945527777777778	138.59079166666666	2.3150277777777775	Hya
138.59079166666666	2.3150277777777775	142.9955416666667	-1.1846666666666668	Hya
142.9955416666667	-1.1846666666666668	142.2868333333333	-2.768944444444444	Hya
142.2868333333333	-2.768944444444444	141.896875	-8.658694444444444	Hya
141.896875	-8.658694444444444	147.8695	-14.846555555555556	Hya
147.8695	-14.846555555555556	152.64749999999998	-12.353833333333332	Hya
152.64749999999998	-12.353833333333332	156.52295833333335	-16.83608333333333	Hya
156.52295833333335	-16.83608333333333	162.40595833333333	-16.19413888888889	Hya
162.40595833333333	-16.19413888888889	173.25108333333336	-31.85752777777778	Hya
173.25108333333336	-31.85752777777778	178.22733333333335	-33.908138888888885	Hya
178.22733333333335	-33.908138888888885	197.2636666666667	-23.11797222222222	Hya
197.2636666666667	-23.11797222222222	199.73020833333337	-23.17141666666667	Hya
28.598666666666666	63.670138888888886	21.4525	60.235416666666666	Cas
21.4525	60.235416666666666	14.177083333333332	60.716750000000005	Cas
14.177083333333332	60.716750000000005	10.126624999999999	56.537416666666665	Cas
10.126624999999999	56.537416666666665	2.2920416666666665	59.15022222222222	Cas
138.301	-69.71747222222223	153.43449999999999	-70.03791666666666	Car
153.43449999999999	-70.03791666666666	160.73929166666667	-64.39447222222223	Car
160.73929166666667	-64.39447222222223	160.884625	-60.56663888888889	Car
160.884625	-60.56663888888889	167.14749999999998	-58.97505555555556	Car
167.14749999999998	-58.97505555555556	163.37320833333334	-58.85327777777778	Car
163.37320833333334	-58.85327777777778	156.96979166666665	-58.73941666666667	Car
156.96979166666665	-58.73941666666667	154.270875	-61.33233333333334	Car
154.270875	-61.33233333333334	139.272625	-59.27525	Car
130.1543333333333	-59.76102777777778	125.62858333333334	-59.50952777777778	Car
125.62858333333334	-59.50952777777778	95.987875	-52.695722222222216	Car
137.742125	-58.96691666666667	139.272625	-59.27525	Car
137.742125	-58.96691666666667	130.1543333333333	-59.76102777777778	Car
95.987875	-52.695722222222216	99.44029166666667	-43.19591666666666	Car
125.62858333333334	-59.50952777777778	120.89612500000001	-40.003194444444446	Car
304.51341666666667	-12.54486111111111	305.2527083333334	-14.78138888888889	Cap
305.2527083333334	-14.78138888888889	316.48658333333333	-17.232722222222222	Cap
316.48658333333333	-17.232722222222222	320.5615833333333	-16.834555555555553	Cap
320.5615833333333	-16.834555555555553	325.02225	-16.66225	Cap
325.02225	-16.66225	326.7595416666667	-16.126555555555555	Cap
320.5615833333333	-16.834555555555553	321.66679166666665	-22.411388888888887	Cap
321.66679166666665	-22.411388888888887	316.48658333333333	-17.232722222222222	Cap
305.2527083333334	-14.78138888888889	311.5240416666666	-25.270527777777776	Cap
316.48658333333333	-17.232722222222222	312.9554166666667	-26.91913888888889	Cap
188.43787500000002	41.35677777777778	194.00766666666667	38.318250000000006	Cvn
220.627875	-64.97458333333334	230.84441666666666	-59.32069444444445	Cir
220.627875	-64.97458333333334	229.379	-58.800888888888885	Cir
57.5895	71.33236111111111	73.51254166666666	66.34266666666666	Cam
24.428125	-57.236666666666665	28.986791666666665	-51.60958333333333	Eri
28.986791666666665	-51.60958333333333	34.12708333333333	-51.51211111111111	Eri
34.12708333333333	-51.51211111111111	36.74625	-47.703833333333336	Eri
36.74625	-47.703833333333336	39.949666666666666	-42.89163888888889	Eri
39.949666666666666	-42.89163888888889	40.166375	-39.85530555555556	Eri
40.166375	-39.85530555555556	44.56550000000001	-40.30472222222222	Eri
44.56550000000001	-40.30472222222222	49.97175	-43.071555555555555	Eri
49.97175	-43.071555555555555	57.149249999999995	-37.62013888888889	Eri
57.149249999999995	-37.62013888888889	57.36366666666666	-36.20011111111111	Eri
57.36366666666666	-36.20011111111111	64.47341666666667	-33.79833333333333	Eri
64.47341666666667	-33.79833333333333	66.00904166666668	-34.016999999999996	Eri
66.00904166666668	-34.016999999999996	68.88779166666666	-30.562305555555557	Eri
68.88779166666666	-30.562305555555557	56.71245833333334	-23.248444444444445	Eri
56.71245833333334	-23.248444444444445	53.446875	-21.632805555555557	Eri
53.446875	-21.632805555555557	49.879041666666666	-21.757944444444444	Eri
49.879041666666666	-21.757944444444444	45.59829166666667	-23.624333333333333	Eri
45.59829166666667	-23.624333333333333	41.27491666666666	-18.57263888888889	Eri
41.27491666666666	-18.57263888888889	44.10666666666667	-8.897611111111111	Eri
44.10666666666667	-8.897611111111111	48.95845833333333	-8.819833333333333	Eri
48.95845833333333	-8.819833333333333	53.235083333333336	-9.458305555555555	Eri
53.235083333333336	-9.458305555555555	55.812333333333335	-9.765194444444445	Eri
55.812333333333335	-9.765194444444445	69.07974999999999	-3.3524444444444446	Eri
69.07974999999999	-3.3524444444444446	71.37558333333334	-3.254611111111111	Eri
71.37558333333334	-3.254611111111111	73.22366666666667	-5.45275	Eri
73.22366666666667	-5.45275	76.96262499999999	-5.08625	Eri
76.96262499999999	-5.08625	77.28658333333334	-8.754083333333334	Eri
77.28658333333334	-8.754083333333334	69.54529166666666	-14.303583333333334	Eri
67.70875000000001	-44.95375	70.14091666666667	-41.86358333333334	Cae
70.14091666666667	-41.86358333333334	70.514375	-37.144777777777776	Cae
81.57291666666667	28.607861111111113	70.56125	22.956972222222223	Tau
70.56125	22.956972222222223	67.15387500000001	19.18052777777778	Tau
68.97999999999999	16.50975	84.41116666666667	21.142583333333334	Tau
64.94804166666667	15.627694444444446	65.73345833333333	17.542583333333337	Tau
64.94804166666667	15.627694444444446	60.17008333333334	12.490388888888887	Tau
60.17008333333334	12.490388888888887	51.2035	9.029055555555557	Tau
68.97999999999999	16.50975	67.15387500000001	19.18052777777778	Tau
68.97999999999999	16.50975	67.16529166666666	15.870944444444445	Tau
67.16529166666666	15.870944444444445	64.94804166666667	15.627694444444446	Tau
67.15387500000001	19.18052777777778	66.37216666666667	17.928	Tau
66.37216666666667	17.928	65.73345833333333	17.542583333333337	Tau
65.73345833333333	17.542583333333337	57.29054166666666	24.053527777777777	Tau
279.234125	38.783	281.19308333333333	37.60505555555556	Lyr
281.19308333333333	37.60505555555556	282.5199583333333	33.36266666666667	Lyr
282.5199583333333	33.36266666666667	284.73591666666664	32.68955555555555	Lyr
284.73591666666664	32.68955555555555	283.6262083333333	36.89861111111111	Lyr
283.6262083333333	36.89861111111111	281.19308333333333	37.60505555555556	Lyr
102.04808333333334	-61.94197222222222	87.45658333333333	-56.1665	Pic
87.45658333333333	-56.1665	86.82116666666667	-51.066722222222225	Pic
271.6578333333333	-50.09144444444445	262.96049999999997	-49.875972222222224	Ara
262.96049999999997	-49.875972222222224	254.65512499999994	-55.99005555555556	Ara
254.65512499999994	-55.99005555555556	252.44629166666667	-59.04130555555555	Ara
252.44629166666667	-59.04130555555555	262.7749166666667	-60.683611111111105	Ara
262.7749166666667	-60.683611111111105	261.34858333333335	-56.377694444444444	Ara
261.34858333333335	-56.377694444444444	261.325	-55.52983333333333	Ara
261.325	-55.52983333333333	271.6578333333333	-50.09144444444445	Ara
42.49579166666666	27.26077777777778	31.792875	23.462777777777777	Ari
31.792875	23.462777777777777	28.659791666666667	20.808305555555556	Ari
28.659791666666667	20.808305555555556	28.382375	19.294083333333337	Ari
140.26441666666668	34.39252777777778	139.711125	36.80288888888889	Lyn
135.16145833333331	41.78344444444444	125.708875	43.18836111111111	Lyn
125.708875	43.18836111111111	111.67858333333334	49.21163888888889	Lyn
111.67858333333334	49.21163888888889	104.31916666666667	58.42305555555555	Lyn
104.31916666666667	58.42305555555555	94.90579166666666	59.01091666666667	Lyn
240.03058333333337	-38.39663888888889	237.73975000000002	-33.62711111111111	Lup
240.03058333333337	-38.39663888888889	233.78525000000002	-41.166694444444445	Lup
233.78525000000002	-41.166694444444445	230.3430833333333	-40.64747222222222	Lup
230.3430833333333	-40.64747222222222	230.45183333333333	-36.26116666666667	Lup
230.3430833333333	-40.64747222222222	224.633125	-43.13386111111111	Lup
233.78525000000002	-41.166694444444445	234.5138333333333	-42.56747222222223	Lup
234.5138333333333	-42.56747222222223	228.07166666666666	-52.09908333333333	Lup
228.07166666666666	-52.09908333333333	220.482375	-47.38813888888889	Lup
228.07166666666666	-52.09908333333333	219.471875	-49.42575	Lup
220.482375	-47.38813888888889	216.54500000000002	-45.37925	Lup
220.482375	-47.38813888888889	224.633125	-43.13386111111111	Lup
346.719875	-43.52033333333333	337.3172916666667	-43.495555555555555	Gru
337.3172916666667	-43.495555555555555	332.05783333333335	-46.96061111111111	Gru
332.05783333333335	-46.96061111111111	340.66637499999996	-46.88455555555556	Gru
340.66637499999996	-46.88455555555556	347.5892916666667	-45.24663888888889	Gru
347.5892916666667	-45.24663888888889	346.719875	-43.52033333333333	Gru
340.66637499999996	-46.88455555555556	345.22029166666664	-52.75411111111111	Gru
340.66637499999996	-46.88455555555556	342.1383333333333	-51.31669444444445	Gru
332.05783333333335	-46.96061111111111	331.52875	-39.543055555555554	Gru
331.52875	-39.543055555555554	328.481875	-37.36483333333334	Gru
42.27233333333333	-32.406277777777774	48.017833333333336	-28.98911111111111	For
56.079708333333336	32.28827777777778	58.533	31.883666666666667	Per
58.533	31.883666666666667	59.74125	35.79102777777778	Per
59.74125	35.79102777777778	59.46341666666667	40.01027777777778	Per
59.46341666666667	40.01027777777778	55.731166666666674	47.78766666666667	Per
55.731166666666674	47.78766666666667	51.080625	49.86125	Per
51.080625	49.86125	46.199125	53.50644444444445	Per
46.199125	53.50644444444445	42.674125000000004	55.89552777777778	Per
51.080625	49.86125	47.042208333333335	40.95563888888889	Per
47.042208333333335	40.95563888888889	46.29375	38.84052777777778	Per
46.29375	38.84052777777778	42.64545833333333	38.31891666666667	Per
3.3089583333333334	15.18361111111111	346.1900833333333	15.20536111111111	Peg
345.94304166666666	28.082444444444445	340.75054166666666	30.221305555555553	Peg
340.75054166666666	30.221305555555553	332.30699999999996	33.1725	Peg
345.94304166666666	28.082444444444445	342.50041666666664	24.601694444444448	Peg
342.50041666666664	24.601694444444448	341.6326666666667	23.56566666666667	Peg
341.6326666666667	23.56566666666667	331.75195833333333	25.345055555555554	Peg
331.75195833333333	25.345055555555554	326.16125000000005	25.645	Peg
346.1900833333333	15.20536111111111	341.67266666666666	12.174083333333332	Peg
341.67266666666666	12.174083333333332	340.3652916666667	10.831388888888888	Peg
340.3652916666667	10.831388888888888	332.54925000000003	6.197777777777778	Peg
332.54925000000003	6.197777777777778	326.0464166666667	9.875	Peg
2.0965416666666665	29.090833333333332	345.94304166666666	28.082444444444445	Peg
2.0965416666666665	29.090833333333332	3.3089583333333334	15.18361111111111	Peg
233.2325	31.359166666666667	231.95770833333333	29.105500000000003	CrB
231.95770833333333	29.105500000000003	233.671625	26.714916666666667	CrB
233.671625	26.714916666666667	235.68599999999998	26.295527777777778	CrB
235.68599999999998	26.295527777777778	237.39875	26.068555555555555	CrB
237.39875	26.068555555555555	239.3970833333333	26.878027777777778	CrB
239.3970833333333	26.878027777777778	240.36079166666664	29.851083333333335	CrB
114.82725	5.2275	111.78779166666666	8.289416666666666	CMi
82.96941666666667	-76.34166666666667	70.76645833333333	-70.93111111111112	Men
103.54783333333333	-12.038583333333333	105.93954166666666	-15.63325	CMa
105.93954166666666	-15.63325	104.03429166666668	-17.05425	CMa
104.03429166666668	-17.05425	101.28854166666666	-16.71313888888889	CMa
101.28854166666666	-16.71313888888889	105.756125	-23.833305555555555	CMa
105.756125	-23.833305555555555	107.097875	-26.393194444444443	CMa
107.097875	-26.393194444444443	108.70275000000001	-26.772694444444443	CMa
108.70275000000001	-26.772694444444443	111.02379166666667	-29.30311111111111	CMa
104.65645833333333	-28.97208333333333	105.42979166666666	-27.934833333333334	CMa
105.42979166666666	-27.934833333333334	107.097875	-26.393194444444443	CMa
99.17083333333333	-19.25572222222222	98.76408333333333	-22.96483333333333	CMa
99.17083333333333	-19.25572222222222	95.67495833333334	-17.955916666666667	CMa
99.17083333333333	-19.25572222222222	101.28854166666666	-16.71313888888889	CMa
104.65645833333333	-28.97208333333333	102.46029166666666	-32.5085	CMa
95.07829166666666	-30.06338888888889	104.65645833333333	-28.97208333333333	CMa
104.03429166666668	-17.05425	103.54783333333333	-12.038583333333333	CMa
177.26616666666666	14.572333333333333	168.56016666666667	15.429749999999999	Leo
168.56016666666667	15.429749999999999	152.09358333333333	11.967194444444445	Leo
152.09358333333333	11.967194444444445	151.833125	16.762666666666668	Leo
151.833125	16.762666666666668	154.9923333333333	19.84186111111111	Leo
154.9923333333333	19.84186111111111	168.52670833333332	20.52402777777778	Leo
168.52670833333332	20.52402777777778	177.26616666666666	14.572333333333333	Leo
154.9923333333333	19.84186111111111	154.1725	23.417333333333335	Leo
154.1725	23.417333333333335	148.1915	26.007083333333334	Leo
148.1915	26.007083333333334	146.46291666666664	23.774277777777776	Leo
168.52670833333332	20.52402777777778	168.56016666666667	15.429749999999999	Leo
91.53887499999999	-14.935277777777777	89.10133333333333	-14.168027777777777	Lep
89.10133333333333	-14.168027777777777	86.73895833333333	-14.821944444444444	Lep
86.73895833333333	-14.821944444444444	83.18254166666665	-17.822305555555555	Lep
83.18254166666665	-17.822305555555555	78.23279166666667	-16.205416666666665	Lep
83.18254166666665	-17.822305555555555	87.82979166666667	-20.8775	Lep
87.82979166666667	-20.8775	86.11654166666666	-22.4475	Lep
86.11654166666666	-22.4475	82.061375	-20.75922222222222	Lep
82.061375	-20.75922222222222	76.36520833333333	-22.37086111111111	Lep
83.18254166666665	-17.822305555555555	82.061375	-20.75922222222222	Lep
78.23279166666667	-16.205416666666665	79.89387500000001	-13.176777777777778	Lep
78.23279166666667	-16.205416666666665	78.30787500000001	-12.941277777777778	Lep
76.36520833333333	-22.37086111111111	78.23279166666667	-16.205416666666665	Lep
78.30787500000001	-12.941277777777778	78.07454166666668	-11.86913888888889	Lep
79.89387500000001	-13.176777777777778	79.99595833333333	-12.315611111111112	Lep
85.18966666666668	-1.9425833333333333	84.05337499999999	-1.2019166666666665	Ori
84.05337499999999	-1.2019166666666665	83.00166666666667	-0.2990833333333333	Ori
90.864	19.69061111111111	92.985	14.208805555555555	Ori
92.985	14.208805555555555	91.893	14.768527777777779	Ori
91.893	14.768527777777779	88.59616666666668	20.276416666666666	Ori
92.985	14.208805555555555	90.59579166666667	9.647361111111111	Ori
90.59579166666667	9.647361111111111	88.79287500000001	7.407027777777778	Ori
88.79287500000001	7.407027777777778	85.18966666666668	-1.9425833333333333	Ori
85.18966666666668	-1.9425833333333333	86.939125	-9.669611111111111	Ori
86.939125	-9.669611111111111	78.63445833333334	-8.201638888888889	Ori
78.63445833333334	-8.201638888888889	83.00166666666667	-0.2990833333333333	Ori
83.00166666666667	-0.2990833333333333	81.28279166666668	6.349722222222222	Ori
81.28279166666668	6.349722222222222	83.7845	9.934166666666666	Ori
83.7845	9.934166666666666	88.79287500000001	7.407027777777778	Ori
81.28279166666668	6.349722222222222	72.45891666666667	6.961250000000001	Ori
72.45891666666667	6.961250000000001	72.80154166666667	5.6051111111111105	Ori
72.80154166666667	5.6051111111111105	73.34483333333333	2.508277777777778	Ori
73.34483333333333	2.508277777777778	74.63708333333334	1.7140277777777777	Ori
72.45891666666667	6.961250000000001	72.65299999999999	8.90025	Ori
72.65299999999999	8.90025	73.72375	10.15113888888889	Ori
91.893	14.768527777777779	90.59579166666667	9.647361111111111	Ori
334.62575000000004	-60.2595	349.3575416666667	-58.23591666666667	Tuc
349.3575416666667	-58.23591666666667	5.007958333333333	-64.87761111111111	Tuc
349.3575416666667	-58.23591666666667	7.885666666666667	-62.958083333333335	Tuc
121.88625	-24.304444444444446	117.25708333333333	-24.91225	Pup
117.25708333333333	-24.91225	109.28566666666666	-37.097500000000004	Pup
109.28566666666666	-37.097500000000004	99.44029166666667	-43.19591666666666	Pup
99.44029166666667	-43.19591666666666	102.48391666666666	-50.61438888888889	Pup
102.48391666666666	-50.61438888888889	112.30783333333333	-43.30188888888889	Pup
112.30783333333333	-43.30188888888889	120.89612500000001	-40.003194444444446	Pup
120.89612500000001	-40.003194444444446	121.88625	-24.304444444444446	Pup
220.28716666666665	13.728333333333333	213.918125	19.187277777777776	Boo
213.918125	19.187277777777776	221.246875	27.074166666666667	Boo
221.246875	27.074166666666667	228.87541666666667	33.31511111111111	Boo
228.87541666666667	33.31511111111111	225.486625	40.39063888888889	Boo
225.486625	40.39063888888889	218.01983333333334	38.30788888888888	Boo
218.01983333333334	38.30788888888888	217.95775	30.37113888888889	Boo
217.95775	30.37113888888889	213.918125	19.187277777777776	Boo
213.918125	19.187277777777776	208.67133333333334	18.398583333333335	Boo
208.67133333333334	18.398583333333335	207.3695833333333	15.797805555555556	Boo
268.38179166666663	56.87244444444445	269.15158333333335	51.48894444444444	Dra
269.15158333333335	51.48894444444444	262.60825	52.301361111111106	Dra
262.60825	52.301361111111106	263.0661666666667	55.172805555555556	Dra
263.0661666666667	55.172805555555556	268.38179166666663	56.87244444444445	Dra
268.38179166666663	56.87244444444445	288.138125	67.66130555555556	Dra
288.138125	67.66130555555556	297.0425416666667	70.26783333333333	Dra
297.0425416666667	70.26783333333333	275.25975000000005	72.73369444444444	Dra
275.25975000000005	72.73369444444444	257.1967916666667	65.71463888888889	Dra
257.1967916666667	65.71463888888889	245.99795833333332	61.51408333333333	Dra
245.99795833333332	61.51408333333333	240.47375	58.56444444444444	Dra
240.47375	58.56444444444444	231.23241666666667	58.96602777777778	Dra
231.23241666666667	58.96602777777778	211.097625	64.37580555555554	Dra
211.097625	64.37580555555554	188.371	69.78822222222222	Dra
188.371	69.78822222222222	172.85120833333335	69.33111111111111	Dra
353.2424583333334	-37.818361111111116	14.651458333333332	-29.357472222222224	Scl
14.651458333333332	-29.357472222222224	349.70595833333334	-32.53183333333333	Scl
349.70595833333334	-32.53183333333333	353.2424583333334	-37.818361111111116	Scl
263.40220833333336	-37.10375	265.622	-39.029916666666665	Sco
265.622	-39.029916666666665	266.89616666666666	-40.12697222222222	Sco
266.89616666666666	-40.12697222222222	264.3297083333333	-42.99783333333333	Sco
264.3297083333333	-42.99783333333333	258.03825	-43.2385	Sco
258.03825	-43.2385	253.498875	-42.362027777777776	Sco
253.498875	-42.362027777777776	252.9676666666667	-38.047333333333334	Sco
252.9676666666667	-38.047333333333334	252.54266666666666	-34.29261111111111	Sco
252.54266666666666	-34.29261111111111	248.97066666666666	-28.21597222222222	Sco
248.97066666666666	-28.21597222222222	247.35195833333333	-26.431944444444447	Sco
247.35195833333333	-26.431944444444447	240.083375	-22.62161111111111	Sco
247.35195833333333	-26.431944444444447	239.71300000000002	-26.114055555555556	Sco
247.35195833333333	-26.431944444444447	241.35929166666665	-19.80538888888889	Sco
221.96554166666667	-79.04472222222222	248.36441666666667	-78.89697222222223	Aps
248.36441666666667	-78.89697222222223	250.77258333333333	-77.51658333333333	Aps
176.464875	6.529805555555556	184.66791666666666	-0.7871388888888888	Vir
184.66791666666666	-0.7871388888888888	190.41666666666666	-1.4495277777777777	Vir
190.41666666666666	-1.4495277777777777	201.29833333333332	-11.16125	Vir
201.29833333333332	-11.16125	213.22391666666667	-10.274055555555556	Vir
213.22391666666667	-10.274055555555556	214.00366666666667	-5.999527777777778	Vir
214.00366666666667	-5.999527777777778	220.76483333333334	-5.657416666666667	Vir
201.29833333333332	-11.16125	203.67395833333333	-0.5959444444444445	Vir
203.67395833333333	-0.5959444444444445	210.41158333333334	1.5445833333333332	Vir
210.41158333333334	1.5445833333333332	221.56245833333335	1.8929444444444443	Vir
203.67395833333333	-0.5959444444444445	193.902	3.397611111111111	Vir
193.902	3.397611111111111	195.54483333333332	10.95911111111111	Vir
193.902	3.397611111111111	190.41666666666666	-1.4495277777777777	Vir
281.7936666666667	-4.747833333333333	281.87075000000004	-5.7050833333333335	Sct
277.299375	-14.565805555555556	278.8018333333333	-8.243305555555555	Sct
278.8018333333333	-8.243305555555555	281.7936666666667	-4.747833333333333	Sct
264.8662083333333	46.00633333333333	269.06325000000004	37.250527777777776	Her
269.06325000000004	37.250527777777776	260.9195833333333	37.14666666666667	Her
260.9195833333333	37.14666666666667	259.417875	37.291333333333334	Her
259.417875	37.291333333333334	258.76187500000003	36.80916666666666	Her
258.76187500000003	36.80916666666666	250.72391666666667	38.92247222222222	Her
250.72391666666667	38.92247222222222	248.52579166666663	42.43688888888889	Her
248.52579166666663	42.43688888888889	244.93520833333332	46.31327777777778	Her
244.93520833333332	46.31327777777778	238.16745833333334	42.45	Her
250.72391666666667	38.92247222222222	250.32283333333334	31.60188888888889	Her
250.32283333333334	31.60188888888889	247.55525000000003	21.48963888888889	Her
247.55525000000003	21.48963888888889	245.4801666666667	19.153027777777776	Her
250.32283333333334	31.60188888888889	255.07254166666667	30.926333333333336	Her
255.07254166666667	30.926333333333336	262.68458333333336	26.110611111111112	Her
262.68458333333336	26.110611111111112	258.758	24.839583333333334	Her
266.6155	27.722499999999997	269.44095833333336	29.24791666666667	Her
269.44095833333336	29.24791666666667	271.885625	28.76247222222222	Her
269.44095833333336	29.24791666666667	266.6155	27.722499999999997	Her
255.07254166666667	30.926333333333336	258.76187500000003	36.80916666666666	Her
89.93016666666666	37.21277777777778	89.882375	44.94744444444444	Aur
89.882375	44.94744444444444	79.17208333333333	45.999027777777776	Aur
79.17208333333333	45.999027777777776	75.61949999999999	41.07588888888889	Aur
75.61949999999999	41.07588888888889	74.24841666666667	33.16613888888889	Aur
81.57291666666667	28.607861111111113	74.24841666666667	33.16613888888889	Aur
81.57291666666667	28.607861111111113	89.93016666666666	37.21277777777778	Aur
122.38316666666668	-47.33661111111111	130.073375	-52.92197222222222	Vel
130.073375	-52.92197222222222	131.17583333333332	-54.708555555555556	Vel
131.17583333333332	-54.708555555555556	140.52845833333333	-55.01069444444445	Vel
140.52845833333333	-55.01069444444445	149.215625	-54.56780555555556	Vel
149.215625	-54.56780555555556	161.69216666666668	-49.420138888888886	Vel
161.69216666666668	-49.420138888888886	159.32608333333334	-48.225611111111114	Vel
159.32608333333334	-48.225611111111114	153.68445833333334	-42.122055555555555	Vel
153.68445833333334	-42.122055555555555	142.67545833333335	-40.46688888888889	Vel
142.67545833333335	-40.46688888888889	136.99908333333335	-43.43261111111111	Vel
136.99908333333335	-43.43261111111111	122.38316666666668	-47.33661111111111	Vel
191.57029166666666	-68.10808333333333	176.402375	-66.72883333333334	Mus
176.402375	-66.72883333333334	188.117125	-72.13297222222222	Mus
188.117125	-72.13297222222222	189.29616666666666	-69.13552777777778	Mus
189.29616666666666	-69.13552777777778	191.57029166666666	-68.10808333333333	Mus
219.92041666666665	-60.83513888888889	210.956	-60.372972222222224	Cen
210.956	-60.372972222222224	204.97195833333333	-53.46636111111111	Cen
204.97195833333333	-53.46636111111111	208.885125	-47.28827777777778	Cen
208.885125	-47.28827777777778	209.669875	-44.803527777777774	Cen
209.669875	-44.803527777777774	207.40420833333332	-42.47369444444445	Cen
207.40420833333332	-42.47369444444445	207.37625	-41.687666666666665	Cen
207.37625	-41.687666666666665	202.76112500000002	-39.40727777777778	Cen
202.76112500000002	-39.40727777777778	200.15029166666667	-36.71208333333334	Cen
207.37625	-41.687666666666665	211.67216666666667	-36.36869444444444	Cen
207.40420833333332	-42.47369444444445	218.876875	-42.15775	Cen
218.876875	-42.15775	224.79041666666666	-42.10413888888889	Cen
208.885125	-47.28827777777778	190.38	-48.95988888888889	Cen
190.38	-48.95988888888889	187.01004166666667	-50.230611111111116	Cen
187.01004166666667	-50.230611111111116	182.08974999999998	-50.72241666666667	Cen
182.08974999999998	-50.72241666666667	173.69045833333334	-54.26413888888889	Cen
173.69045833333334	-54.26413888888889	173.94554166666668	-63.01983333333333	Cen
33.25004166666667	8.84675	37.03966666666667	8.460083333333333	Cet
26.021375000000003	-15.939555555555556	10.896791666666667	-17.986694444444446	Cet
10.896791666666667	-17.986694444444446	4.856999999999999	-8.823833333333333	Cet
10.896791666666667	-17.986694444444446	17.146916666666666	-10.181916666666666	Cet
17.146916666666666	-10.181916666666666	21.006041666666665	-8.182749999999999	Cet
21.006041666666665	-8.182749999999999	27.86504166666667	-10.334944444444446	Cet
27.86504166666667	-10.334944444444446	36.487541666666665	-12.290444444444445	Cet
36.487541666666665	-12.290444444444445	39.890541666666664	-11.871583333333334	Cet
39.890541666666664	-11.871583333333334	41.030625	-13.858666666666666	Cet
41.030625	-13.858666666666666	38.022	-15.244333333333332	Cet
38.022	-15.244333333333332	26.021375000000003	-15.939555555555556	Cet
34.836625	-2.977055555555556	39.890541666666664	-11.871583333333334	Cet
34.836625	-2.977055555555556	39.870625	0.32852777777777775	Cet
39.870625	0.32852777777777775	40.825500000000005	3.2361666666666666	Cet
40.825500000000005	3.2361666666666666	45.59379166666666	4.35286111111111	Cet
45.59379166666666	4.35286111111111	44.92875	8.907388888888889	Cet
44.92875	8.907388888888889	41.234875	10.114222222222223	Cet
41.234875	10.114222222222223	37.03966666666667	8.460083333333333	Cet
37.03966666666667	8.460083333333333	38.96870833333333	5.593305555555555	Cet
38.96870833333333	5.593305555555555	40.825500000000005	3.2361666666666666	Cet
206.885625	49.31330555555555	200.98091666666667	54.92541666666666	UMa
200.98091666666667	54.92541666666666	193.50679166666666	55.959833333333336	UMa
193.50679166666666	55.959833333333336	183.85604166666667	57.03261111111111	UMa
183.85604166666667	57.03261111111111	165.93266666666668	61.75111111111111	UMa
165.93266666666668	61.75111111111111	165.45995833333336	56.382333333333335	UMa
165.45995833333336	56.382333333333335	178.45725	53.69472222222222	UMa
178.45725	53.69472222222222	183.85604166666667	57.03261111111111	UMa
178.45725	53.69472222222222	176.51304166666668	47.779333333333334	UMa
176.51304166666668	47.779333333333334	167.41608333333332	44.498555555555555	UMa
167.41608333333332	44.498555555555555	154.27470833333334	42.91447222222222	UMa
167.41608333333332	44.498555555555555	155.5825	41.49944444444444	UMa
165.45995833333336	56.382333333333335	148.0265	54.064277777777775	UMa
148.0265	54.064277777777775	143.21804166666666	51.67861111111111	UMa
143.21804166666666	51.67861111111111	135.90650000000002	47.156666666666666	UMa
143.21804166666666	51.67861111111111	134.80349999999999	48.042361111111106	UMa
148.0265	54.064277777777775	147.74870833333333	59.03911111111111	UMa
147.74870833333333	59.03911111111111	127.56679166666666	60.718444444444444	UMa
127.56679166666666	60.718444444444444	142.8815416666667	63.06180555555555	UMa
142.8815416666667	63.06180555555555	165.93266666666668	61.75111111111111	UMa
332.71358333333336	58.20125	342.42045833333333	66.20072222222223	Cep
342.42045833333333	66.20072222222223	322.16491666666667	70.56069444444444	Cep
322.16491666666667	70.56069444444444	319.64408333333336	62.58544444444445	Cep
319.64408333333336	62.58544444444445	332.71358333333336	58.20125	Cep
342.42045833333333	66.20072222222223	354.8374166666666	77.63197222222222	Cep
354.8374166666666	77.63197222222222	322.16491666666667	70.56069444444444	Cep
37.94616666666666	89.2641388888889	263.05375000000004	86.58633333333333	UMi
263.05375000000004	86.58633333333333	251.49233333333336	82.03725	UMi
251.49233333333336	82.03725	236.01441666666665	77.7945	UMi
236.01441666666665	77.7945	244.3770833333334	75.75469444444444	UMi
244.3770833333334	75.75469444444444	230.18229166666669	71.83397222222222	UMi
230.18229166666669	71.83397222222222	222.67666666666668	74.15547222222223	UMi
222.67666666666668	74.15547222222223	236.01441666666665	77.7945	UMi
99.42791666666668	16.399416666666667	106.02725	20.570305555555557	Gem
106.02725	20.570305555555557	110.03079166666667	21.982333333333333	Gem
110.03079166666667	21.982333333333333	109.523375	16.540472222222224	Gem
109.523375	16.540472222222224	101.322625	12.896055555555556	Gem
110.03079166666667	21.982333333333333	113.98070833333333	26.896	Gem
113.98070833333333	26.896	116.11195833333333	24.398138888888887	Gem
113.98070833333333	26.896	116.33066666666666	28.026305555555556	Gem
113.98070833333333	26.896	111.43200000000002	27.79827777777778	Gem
111.43200000000002	27.79827777777778	107.78495833333335	30.24527777777778	Gem
107.78495833333335	30.24527777777778	113.64999999999999	31.888333333333332	Gem
107.78495833333335	30.24527777777778	103.19725000000001	33.96136111111112	Gem
107.78495833333335	30.24527777777778	100.98304166666668	25.13116666666667	Gem
100.98304166666668	25.13116666666667	97.24079166666667	20.212166666666665	Gem
100.98304166666668	25.13116666666667	95.73995833333333	22.51386111111111	Gem
95.73995833333333	22.51386111111111	93.71958333333335	22.506833333333333	Gem
93.71958333333335	22.506833333333333	91.03008333333334	23.263638888888888	Gem
188.01866666666666	-16.19586111111111	187.46658333333332	-16.515083333333333	Crv
187.46658333333332	-16.515083333333333	183.95195833333335	-17.541972222222224	Crv
183.95195833333335	-17.541972222222224	182.531375	-22.619805555555555	Crv
182.531375	-22.619805555555555	182.103125	-24.728777777777776	Crv
182.531375	-22.619805555555555	188.59679166666666	-23.39661111111111	Crv
188.59679166666666	-23.39661111111111	187.46658333333332	-16.515083333333333	Crv
164.94479166666665	-18.299111111111113	167.91454166666668	-22.82561111111111	Crt
167.91454166666668	-22.82561111111111	171.22075	-17.68402777777778	Crt
171.22075	-17.68402777777778	169.8355	-14.779055555555557	Crt
169.8355	-14.779055555555557	164.94479166666665	-18.299111111111113	Crt
169.8355	-14.779055555555557	171.15254166666668	-10.859388888888889	Crt
171.15254166666668	-10.859388888888889	174.17062499999997	-9.80225	Crt
174.17062499999997	-9.80225	179.00408333333334	-17.150805555555554	Crt
179.00408333333334	-17.150805555555554	176.19066666666666	-18.350611111111114	Crt
176.19066666666666	-18.350611111111114	171.22075	-17.68402777777778	Crt
187.791375	-57.11255555555556	186.64974999999998	-63.09905555555556	Cru
191.9305	-59.68872222222222	183.78650000000002	-58.74888888888889	Cru
163.32766666666666	34.21555555555556	156.97120833333332	36.70747222222222	LMi
156.97120833333332	36.70747222222222	151.85720833333335	35.24469444444445	LMi
151.85720833333335	35.24469444444445	143.55575000000002	36.39761111111111	LMi
151.85720833333335	35.24469444444445	163.32766666666666	34.21555555555556	LMi
308.30316666666664	11.303333333333335	309.3869583333333	14.595194444444445	Del
311.6646666666667	16.12477777777778	310.86479166666663	15.074694444444445	Del
310.86479166666663	15.074694444444445	309.3869583333333	14.595194444444445	Del
63.60595833333334	-62.47397222222222	64.12116666666665	-59.30175	Ret
64.12116666666665	-59.30175	59.68641666666667	-61.40013888888889	Ret
59.68641666666667	-61.40013888888889	56.048125	-64.80708333333332	Ret
56.048125	-64.80708333333332	63.60595833333334	-62.47397222222222	Ret
2.0965416666666665	29.090833333333332	9.831666666666667	30.861222222222224	And
9.831666666666667	30.861222222222224	17.432499999999997	35.62083333333334	And
30.974666666666664	42.329861111111114	17.432499999999997	35.62083333333334	And
17.432499999999997	35.62083333333334	14.187916666666668	38.49925	And
14.187916666666668	38.49925	12.453458333333334	41.078944444444446	And
277.20725	-49.07002777777778	276.74345833333336	-45.968333333333334	Tel
237.40529166666667	-3.4301388888888886	237.70370833333337	4.4775833333333335	Ser
237.70370833333337	4.4775833333333335	236.06666666666666	6.425527777777778	Ser
236.06666666666666	6.425527777777778	233.70079166666667	10.53886111111111	Ser
233.70079166666667	10.53886111111111	236.54670833333336	15.421916666666666	Ser
236.54670833333336	15.421916666666666	239.11245833333334	15.664722222222222	Ser
239.11245833333334	15.664722222222222	237.18504166666668	18.141777777777776	Ser
237.18504166666668	18.141777777777776	236.54670833333336	15.421916666666666	Ser
284.05483333333336	4.2035277777777775	275.32883333333336	-2.897111111111111	Ser
275.32883333333336	-2.897111111111111	265.35383333333334	-12.875166666666667	Ser
265.35383333333334	-12.875166666666667	264.3967916666667	-15.398416666666666	Ser
264.3967916666667	-15.398416666666666	260.20683333333335	-12.84688888888889	Ser
115.455	-72.60613888888888	107.18675000000002	-70.49919444444444	Vol
107.18675000000002	-70.49919444444444	121.98266666666667	-68.61713888888889	Vol
121.98266666666667	-68.61713888888889	115.455	-72.60613888888888	Vol
121.98266666666667	-68.61713888888889	109.20762500000001	-67.95716666666667	Vol
121.98266666666667	-68.61713888888889	126.43437499999999	-66.13652777777779	Vol
126.43437499999999	-66.13652777777779	135.61166666666668	-66.39583333333334	Vol
135.61166666666668	-66.39583333333334	121.98266666666667	-68.61713888888889	Vol
157.57291666666669	-0.6369722222222222	151.98458333333335	-0.37163888888888885	Sex
156.78816666666665	-31.067805555555555	149.71808333333334	-35.89094444444444	Ant
284.68112499999995	-37.107083333333335	286.6043333333334	-37.062749999999994	CrA
286.6043333333334	-37.062749999999994	287.3678333333333	-37.90425	CrA
287.3678333333333	-37.90425	287.5072916666667	-39.340694444444445	CrA
287.5072916666667	-39.340694444444445	287.0872083333333	-40.49663888888889	CrA
287.0872083333333	-40.49663888888889	285.77845833333333	-42.095	CrA
319.9661666666667	-53.44927777777777	309.39162500000003	-47.291666666666664	Ind
309.39162500000003	-47.291666666666664	313.70241666666664	-58.45408333333334	Ind
313.70241666666664	-58.45408333333334	319.9661666666667	-53.44927777777777	Ind
306.411875	-56.73488888888889	321.610375	-65.36813888888888	Pav
321.610375	-65.36813888888888	311.2398333333333	-66.20325	Pav
311.2398333333333	-66.20325	302.1744166666667	-66.17933333333333	Pav
302.1744166666667	-66.17933333333333	306.411875	-56.73488888888889	Pav
302.1744166666667	-66.17933333333333	300.14745833333336	-72.91019444444446	Pav
300.14745833333336	-72.91019444444446	280.75887499999993	-71.42772222222223	Pav
280.75887499999993	-71.42772222222223	284.23766666666666	-67.23352777777778	Pav
284.23766666666666	-67.23352777777778	302.1744166666667	-66.17933333333333	Pav
284.23766666666666	-67.23352777777778	283.0543333333334	-62.187555555555555	Pav
283.0543333333334	-62.187555555555555	275.80675	-61.49391666666667	Pav
275.80675	-61.49391666666667	272.1449583333333	-63.668055555555554	Pav
272.1449583333333	-63.668055555555554	283.0543333333334	-62.187555555555555	Pav
272.1449583333333	-63.668055555555554	266.4333333333333	-64.72372222222222	Pav
319.484375	-32.17247222222222	315.32275	-32.257777777777775	Mic
315.32275	-32.257777777777775	312.49199999999996	-33.779666666666664	Mic
63.50033333333334	-42.293861111111106	40.16491666666666	-54.54991666666667	Hor
40.16491666666666	-54.54991666666667	45.90375	-59.737611111111114	Hor
131.6742916666667	28.76	130.82170833333333	21.46858333333333	Cnc
130.82170833333333	21.46858333333333	125.01612500000002	27.21861111111111	Cnc
130.82170833333333	21.46858333333333	131.17129166666666	18.15486111111111	Cnc
131.17129166666666	18.15486111111111	124.12895833333336	9.185666666666666	Cnc
131.17129166666666	18.15486111111111	134.62166666666667	11.857777777777777	Cnc
130.02558333333332	-35.308305555555556	130.898125	-33.186416666666666	Pyx
130.898125	-33.186416666666666	132.633375	-27.710055555555556	Pyx
17.096083333333333	-55.24583333333334	16.521291666666666	-46.7185	Phe
16.521291666666666	-46.7185	6.5505	-43.679916666666664	Phe
6.5505	-43.679916666666664	17.096083333333333	-55.24583333333334	Phe
16.521291666666666	-46.7185	22.812416666666664	-49.07308333333334	Phe
22.812416666666664	-49.07308333333334	28.41175	-46.30244444444444	Phe
28.41175	-46.30244444444444	16.521291666666666	-46.7185	Phe
16.521291666666666	-46.7185	22.091416666666667	-43.31772222222222	Phe
22.091416666666667	-43.31772222222222	6.5505	-43.679916666666664	Phe
6.5505	-43.679916666666664	6.570291666666667	-42.30511111111111	Phe
6.570291666666667	-42.30511111111111	2.3522499999999997	-45.747	Phe
2.3522499999999997	-45.747	6.5505	-43.679916666666664	Phe
333.992375	37.74872222222222	337.62191666666666	43.12338888888889	Lac
337.62191666666666	43.12338888888889	337.38258333333334	47.70688888888889	Lac
337.38258333333334	47.70688888888889	336.12916666666666	49.47638888888889	Lac
336.12916666666666	49.47638888888889	335.8901666666667	52.2295	Lac
335.8901666666667	52.2295	337.82241666666664	50.282444444444444	Lac
337.82241666666664	50.282444444444444	337.38258333333334	47.70688888888889	Lac
252.16612500000002	-69.02763888888889	229.727875	-68.67947222222223	Tra
229.727875	-68.67947222222223	238.78670833333334	-63.42975	Tra
238.78670833333334	-63.42975	252.16612500000002	-69.02763888888889	Tra
6.413333333333334	-77.25502777777778	56.80929166666667	-74.23925	Hyi
56.80929166666667	-74.23925	39.89675	-68.26694444444445	Hyi
39.89675	-68.26694444444445	35.437583333333336	-68.65941666666667	Hyi
35.437583333333336	-68.65941666666667	29.691125000000003	-61.56991666666667	Hyi
238.45616666666666	-16.729611111111108	233.88141666666667	-14.789555555555555	Lib
233.88141666666667	-14.789555555555555	229.25195833333333	-9.382861111111112	Lib
229.25195833333333	-9.382861111111112	222.71991666666668	-16.041611111111113	Lib
222.71991666666668	-16.041611111111113	226.01775	-25.28186111111111	Lib
226.01775	-25.28186111111111	233.88141666666667	-14.789555555555555	Lib
292.17670833333335	24.665166666666664	300.27504166666665	27.753555555555554	Vul
86.19341666666666	-65.73552777777778	88.52458333333334	-63.09102777777778	Dor
88.52458333333334	-63.09102777777778	83.40633333333332	-62.48986111111111	Dor
83.40633333333332	-62.48986111111111	86.19341666666666	-65.73552777777778	Dor
83.40633333333332	-62.48986111111111	68.49883333333334	-55.044999999999995	Dor
68.49883333333334	-55.044999999999995	64.00620833333333	-51.48708333333333	Dor
197.49812500000002	17.52911111111111	197.9705	27.87602777777778	Com
197.9705	27.87602777777778	186.73470833333334	28.26861111111111	Com
95.52854166666665	-33.436277777777775	94.13808333333334	-35.14072222222222	Col
94.13808333333334	-35.14072222222222	89.38420833333333	-35.28330555555556	Col
89.38420833333333	-35.28330555555556	87.73979166666666	-35.769305555555555	Col
87.73979166666666	-35.769305555555555	89.786625	-42.81511111111111	Col
87.73979166666666	-35.769305555555555	84.91225000000001	-34.07405555555556	Col
84.91225000000001	-34.07405555555556	82.80308333333333	-35.470444444444446	Col
275.2484166666667	-29.828027777777777	276.9927916666667	-25.42125	Sgr
274.40720833333336	-36.76127777777778	276.043125	-34.38430555555556	Sgr
276.043125	-34.38430555555556	271.45216666666664	-30.423638888888892	Sgr
271.45216666666664	-30.423638888888892	266.890125	-27.83075	Sgr
271.45216666666664	-30.423638888888892	275.2484166666667	-29.828027777777777	Sgr
275.2484166666667	-29.828027777777777	276.043125	-34.38430555555556	Sgr
276.043125	-34.38430555555556	285.653	-29.880111111111113	Sgr
285.653	-29.880111111111113	281.41395833333337	-26.99077777777778	Sgr
281.41395833333337	-26.99077777777778	275.2484166666667	-29.828027777777777	Sgr
281.41395833333337	-26.99077777777778	276.9927916666667	-25.42125	Sgr
276.9927916666667	-25.42125	273.44087499999995	-21.058833333333332	Sgr
285.653	-29.880111111111113	286.7351666666667	-27.669805555555556	Sgr
286.7351666666667	-27.669805555555556	283.8163333333333	-26.296583333333334	Sgr
283.8163333333333	-26.296583333333334	281.41395833333337	-26.99077777777778	Sgr
283.8163333333333	-26.296583333333334	284.43241666666665	-21.106611111111114	Sgr
284.43241666666665	-21.106611111111114	286.1705416666667	-21.74136111111111	Sgr
286.1705416666667	-21.74136111111111	289.4087083333334	-18.95288888888889	Sgr
289.4087083333334	-18.95288888888889	290.41825	-17.84725	Sgr
286.7351666666667	-27.669805555555556	294.00687500000004	-24.719027777777775	Sgr
294.00687500000004	-24.719027777777775	300.6644166666667	-27.709888888888887	Sgr
300.6644166666667	-27.709888888888887	299.9340416666667	-35.27625	Sgr
299.9340416666667	-35.27625	298.81533333333334	-41.86841666666667	Sgr
298.81533333333334	-41.86841666666667	290.9714583333333	-40.61563888888889	Sgr
298.81533333333334	-41.86841666666667	290.8044166666666	-44.799638888888886	Sgr
295.2622083333333	17.47611111111111	296.84695833333336	18.53425	Sge
296.84695833333336	18.53425	295.02408333333335	18.013944444444444	Sge
296.84695833333336	18.53425	299.689125	19.492083333333333	Sge
299.689125	19.492083333333333	301.2894583333333	19.99088888888889	Sge
